lap,pit_prob,decision
0,0.9073573219878496,BOX NOW
1,0.4465567931245996,PREPARE PIT
2,0.9073573219878496,BOX NOW
3,0.15455784690281713,STAY OUT
4,0.15455784690281713,STAY OUT
5,0.15455784690281713,STAY OUT
6,0.6893511576720304,PREPARE PIT
7,0.6893511576720304,PREPARE PIT
32768,0.6893511576720304,PREPARE PIT
